"statefp","cd116fp","namelsad","lsad","cdsessn","mtfcc","funcstat","aland","awater","intptlat","intptlon","name","geoid","slug","state_id","state_name"
"27","07",Congressional District 7,C2,"116",G5200,N,86580712408,5058381039,+46.5530202,-095.6759048,"Congressional District 7, MN","50000US2707",congressional-district-7-mn,"04000US27",Minnesota
"27","02",Congressional District 2,C2,"116",G5200,N,6314464923,243358361,+44.4789680,-092.8530418,"Congressional District 2, MN","50000US2702",congressional-district-2-mn,"04000US27",Minnesota
"27","06",Congressional District 6,C2,"116",G5200,N,7460634590,408723230,+45.3368069,-093.8520551,"Congressional District 6, MN","50000US2706",congressional-district-6-mn,"04000US27",Minnesota
"27","08",Congressional District 8,C2,"116",G5200,N,72281499178,12448503736,+47.2503370,-092.9638699,"Congressional District 8, MN","50000US2708",congressional-district-8-mn,"04000US27",Minnesota
"17","01",Congressional District 1,C2,"116",G5200,N,669256000,2067510.0,+41.5466708,-087.8357472,"Congressional District 1, IL","50000US1701",congressional-district-1-il,"04000US17",Illinois
"17","18",Congressional District 18,C2,"116",G5200,N,27235396834,383133624,+40.2271844,-090.0691183,"Congressional District 18, IL","50000US1718",congressional-district-18-il,"04000US17",Illinois
"17","07",Congressional District 7,C2,"116",G5200,N,161458448,5341167.0,+41.8633320,-087.7321218,"Congressional District 7, IL","50000US1707",congressional-district-7-il,"04000US17",Illinois
"17","02",Congressional District 2,C2,"116",G5200,N,2798736458,25389182,+41.2562081,-087.7901148,"Congressional District 2, IL","50000US1702",congressional-district-2-il,"04000US17",Illinois
"31","01",Congressional District 1,C2,"116",G5200,N,22995959831,249898247,+41.3744593,-096.8286623,"Congressional District 1, NE","50000US3101",congressional-district-1-ne,"04000US31",Nebraska
"06","36",Congressional District 36,C2,"116",G5200,N,15312870769,201717828,+33.7300127,-115.7393369,"Congressional District 36, CA","50000US0636",congressional-district-36-ca,"04000US06",California
"06","16",Congressional District 16,C2,"116",G5200,N,7354826326,118249352,+37.1086529,-120.5188666,"Congressional District 16, CA","50000US0616",congressional-district-16-ca,"04000US06",California
"06","46",Congressional District 46,C2,"116",G5200,N,187083544,995827.0,+33.7908040,-117.8963627,"Congressional District 46, CA","50000US0646",congressional-district-46-ca,"04000US06",California
"06","37",Congressional District 37,C2,"116",G5200,N,143132731,351790.0,+34.0168971,-118.3717636,"Congressional District 37, CA","50000US0637",congressional-district-37-ca,"04000US06",California
"06","33",Congressional District 33,C2,"116",G5200,N,747577389,489486946,+34.0465389,-118.9443071,"Congressional District 33, CA","50000US0633",congressional-district-33-ca,"04000US06",California
"06","15",Congressional District 15,C2,"116",G5200,N,1549131567,73625793,+37.6571483,-121.8362453,"Congressional District 15, CA","50000US0615",congressional-district-15-ca,"04000US06",California
"18","02",Congressional District 2,C2,"116",G5200,N,10253189601,131728583,+41.2487244,-086.2367980,"Congressional District 2, IN","50000US1802",congressional-district-2-in,"04000US18",Indiana
"18","09",Congressional District 9,C2,"116",G5200,N,11622090122,144580780,+38.7829414,-086.2122933,"Congressional District 9, IN","50000US1809",congressional-district-9-in,"04000US18",Indiana
"18","06",Congressional District 6,C2,"116",G5200,N,16075565107,106706879,+39.4752185,-085.3763377,"Congressional District 6, IN","50000US1806",congressional-district-6-in,"04000US18",Indiana
"18","08",Congressional District 8,C2,"116",G5200,N,18792335677,278478325,+38.7330167,-087.1993471,"Congressional District 8, IN","50000US1808",congressional-district-8-in,"04000US18",Indiana
"06","53",Congressional District 53,C2,"116",G5200,N,352091648,5538110.0,+32.7183139,-117.0314815,"Congressional District 53, CA","50000US0653",congressional-district-53-ca,"04000US06",California
"06","47",Congressional District 47,C2,"116",G5200,N,560123814,1176361929,+33.3673364,-118.4807090,"Congressional District 47, CA","50000US0647",congressional-district-47-ca,"04000US06",California
"06","31",Congressional District 31,C2,"116",G5200,N,566112003,5694100.0,+34.1096748,-117.3533294,"Congressional District 31, CA","50000US0631",congressional-district-31-ca,"04000US06",California
"06","03",Congressional District 3,C2,"116",G5200,N,16017117073,456161284,+39.0319525,-122.0895732,"Congressional District 3, CA","50000US0603",congressional-district-3-ca,"04000US06",California
"06","21",Congressional District 21,C2,"116",G5200,N,17432430270,33795770,+36.0867145,-119.8515001,"Congressional District 21, CA","50000US0621",congressional-district-21-ca,"04000US06",California
"06","48",Congressional District 48,C2,"116",G5200,N,378015317,281882221,+33.6229098,-117.9052749,"Congressional District 48, CA","50000US0648",congressional-district-48-ca,"04000US06",California
"06","10",Congressional District 10,C2,"116",G5200,N,4714787480,54084843,+37.5863232,-121.0544262,"Congressional District 10, CA","50000US0610",congressional-district-10-ca,"04000US06",California
"05","01",Congressional District 1,C2,"116",G5200,N,50035558911,1234692466,+35.2939086,-091.2583060,"Congressional District 1, AR","50000US0501",congressional-district-1-ar,"04000US05",Arkansas
"05","03",Congressional District 3,C2,"116",G5200,N,13982564687,375776742,+36.5005037,-094.6177677,"Congressional District 3, AR","50000US0503",congressional-district-3-ar,"04000US05",Arkansas
"05","04",Congressional District 4,C2,"116",G5200,N,57855108552,1049845616,+34.2241999,-093.2211129,"Congressional District 4, AR","50000US0504",congressional-district-4-ar,"04000US05",Arkansas
"05","02",Congressional District 2,C2,"116",G5200,N,12895640577,302544768,+35.0995596,-092.3791565,"Congressional District 2, AR","50000US0502",congressional-district-2-ar,"04000US05",Arkansas
"18","01",Congressional District 1,C2,"116",G5200,N,2996055757,625462306,+41.4970344,-087.1798166,"Congressional District 1, IN","50000US1801",congressional-district-1-in,"04000US18",Indiana
"06","34",Congressional District 34,C2,"116",G5200,N,123456560,783650.0,+34.0746549,-118.2282686,"Congressional District 34, CA","50000US0634",congressional-district-34-ca,"04000US06",California
"06","52",Congressional District 52,C2,"116",G5200,N,691689046,296660721,+32.8571989,-117.1653269,"Congressional District 52, CA","50000US0652",congressional-district-52-ca,"04000US06",California
"06","30",Congressional District 30,C2,"116",G5200,N,352104835,5012026.0,+34.2018725,-118.5469560,"Congressional District 30, CA","50000US0630",congressional-district-30-ca,"04000US06",California
"06","18",Congressional District 18,C2,"116",G5200,N,1802693482,330001708,+37.2022035,-122.1538063,"Congressional District 18, CA","50000US0618",congressional-district-18-ca,"04000US06",California
"06","20",Congressional District 20,C2,"116",G5200,N,12626814295,1572235024,+36.3732865,-121.2752181,"Congressional District 20, CA","50000US0620",congressional-district-20-ca,"04000US06",California
"06","42",Congressional District 42,C2,"116",G5200,N,2424595872,44261217,+33.6799530,-117.2275227,"Congressional District 42, CA","50000US0642",congressional-district-42-ca,"04000US06",California
"06","25",Congressional District 25,C2,"116",G5200,N,4378863906,30779288,+34.5880620,-118.2802639,"Congressional District 25, CA","50000US0625",congressional-district-25-ca,"04000US06",California
"22","04",Congressional District 4,C2,"116",G5200,N,32210761600,1106343072,+31.7920472,-093.1796062,"Congressional District 4, LA","50000US2204",congressional-district-4-la,"04000US22",Louisiana
"22","02",Congressional District 2,C2,"116",G5200,N,3285174126,522407749,+30.0467435,-090.5684985,"Congressional District 2, LA","50000US2202",congressional-district-2-la,"04000US22",Louisiana
"22","06",Congressional District 6,C2,"116",G5200,N,10447504074,1012577737,+30.2957806,-091.0085262,"Congressional District 6, LA","50000US2206",congressional-district-6-la,"04000US22",Louisiana
"19","01",Congressional District 1,C2,"116",G5200,N,31206403219,228600914,+42.5273374,-091.8962804,"Congressional District 1, IA","50000US1901",congressional-district-1-ia,"04000US19",Iowa
"06","32",Congressional District 32,C2,"116",G5200,N,321864855,5293443.0,+34.0895637,-117.9141422,"Congressional District 32, CA","50000US0632",congressional-district-32-ca,"04000US06",California
"06","43",Congressional District 43,C2,"116",G5200,N,186580878,555893.0,+33.9031099,-118.3363034,"Congressional District 43, CA","50000US0643",congressional-district-43-ca,"04000US06",California
"06","35",Congressional District 35,C2,"116",G5200,N,437338064,356550.0,+34.0447493,-117.5834632,"Congressional District 35, CA","50000US0635",congressional-district-35-ca,"04000US06",California
"06","13",Congressional District 13,C2,"116",G5200,N,250697049,127168051,+37.7789619,-122.2392482,"Congressional District 13, CA","50000US0613",congressional-district-13-ca,"04000US06",California
"06","26",Congressional District 26,C2,"116",G5200,N,2431551480,807884720,+34.1670228,-119.1299548,"Congressional District 26, CA","50000US0626",congressional-district-26-ca,"04000US06",California
"06","44",Congressional District 44,C2,"116",G5200,N,205463239,66957266,+33.8187502,-118.2509834,"Congressional District 44, CA","50000US0644",congressional-district-44-ca,"04000US06",California
"06","19",Congressional District 19,C2,"116",G5200,N,2372190624,15265440,+37.2162355,-121.5290231,"Congressional District 19, CA","50000US0619",congressional-district-19-ca,"04000US06",California
"19","04",Congressional District 4,C2,"116",G5200,N,58938051417,264712627,+42.6286385,-094.6450983,"Congressional District 4, IA","50000US1904",congressional-district-4-ia,"04000US19",Iowa
"19","02",Congressional District 2,C2,"116",G5200,N,31755572729,434115836,+41.2085154,-092.1491879,"Congressional District 2, IA","50000US1902",congressional-district-2-ia,"04000US19",Iowa
"27","01",Congressional District 1,C2,"116",G5200,N,31013342671,540782812,+43.8989394,-093.7117418,"Congressional District 1, MN","50000US2701",congressional-district-1-mn,"04000US27",Minnesota
"27","03",Congressional District 3,C2,"116",G5200,N,1365425974,144398952,+44.9958803,-093.5286204,"Congressional District 3, MN","50000US2703",congressional-district-3-mn,"04000US27",Minnesota
"27","04",Congressional District 4,C2,"116",G5200,N,861318818,84495478,+45.0027128,-092.9773663,"Congressional District 4, MN","50000US2704",congressional-district-4-mn,"04000US27",Minnesota
"27","05",Congressional District 5,C2,"116",G5200,N,351540886,16573581,+44.9809623,-093.2941451,"Congressional District 5, MN","50000US2705",congressional-district-5-mn,"04000US27",Minnesota
"06","49",Congressional District 49,C2,"116",G5200,N,1433319197,511621679,+33.3147856,-117.3795192,"Congressional District 49, CA","50000US0649",congressional-district-49-ca,"04000US06",California
"06","05",Congressional District 5,C2,"116",G5200,N,4482417000,319288355,+38.5157184,-122.4624656,"Congressional District 5, CA","50000US0605",congressional-district-5-ca,"04000US06",California
"06","24",Congressional District 24,C2,"116",G5200,N,17832192315,3684367981,+34.9196335,-120.1128450,"Congressional District 24, CA","50000US0624",congressional-district-24-ca,"04000US06",California
"31","03",Congressional District 3,C2,"116",G5200,N,174647751781,1071218403,+41.5394730,-100.2229693,"Congressional District 3, NE","50000US3103",congressional-district-3-ne,"04000US31",Nebraska
"31","02",Congressional District 2,C2,"116",G5200,N,1312946783,50712484,+41.2286220,-096.1609050,"Congressional District 2, NE","50000US3102",congressional-district-2-ne,"04000US31",Nebraska
"06","29",Congressional District 29,C2,"116",G5200,N,238354217,1621914.0,+34.2666953,-118.4303132,"Congressional District 29, CA","50000US0629",congressional-district-29-ca,"04000US06",California
"06","07",Congressional District 7,C2,"116",G5200,N,1421720505,13173746,+38.4794773,-121.2153712,"Congressional District 7, CA","50000US0607",congressional-district-7-ca,"04000US06",California
"06","06",Congressional District 6,C2,"116",G5200,N,453544934,10601204,+38.5940335,-121.4797679,"Congressional District 6, CA","50000US0606",congressional-district-6-ca,"04000US06",California
"06","39",Congressional District 39,C2,"116",G5200,N,531445171,1078797.0,+33.9386493,-117.8258358,"Congressional District 39, CA","50000US0639",congressional-district-39-ca,"04000US06",California
"17","14",Congressional District 14,C2,"116",G5200,N,4136763949,63294101,+42.0255473,-088.4458531,"Congressional District 14, IL","50000US1714",congressional-district-14-il,"04000US17",Illinois
"47","01",Congressional District 1,C2,"116",G5200,N,10730877769,204163863,+36.2125013,-082.7999170,"Congressional District 1, TN","50000US4701",congressional-district-1-tn,"04000US47",Tennessee
"47","03",Congressional District 3,C2,"116",G5200,N,11837064719,372167533,+35.7616459,-084.5094443,"Congressional District 3, TN","50000US4703",congressional-district-3-tn,"04000US47",Tennessee
"47","05",Congressional District 5,C2,"116",G5200,N,3232460360,72095867,+36.1873306,-087.0740252,"Congressional District 5, TN","50000US4705",congressional-district-5-tn,"04000US47",Tennessee
"47","04",Congressional District 4,C2,"116",G5200,N,15500357323,242150169,+35.5358725,-087.2770081,"Congressional District 4, TN","50000US4704",congressional-district-4-tn,"04000US47",Tennessee
"06","11",Congressional District 11,C2,"116",G5200,N,1268371789,101766052,+37.9038693,-122.0009326,"Congressional District 11, CA","50000US0611",congressional-district-11-ca,"04000US06",California
"41","01",Congressional District 1,C2,"116",G5200,N,7786815748,771013213,+45.7211995,-123.3412706,"Congressional District 1, OR","50000US4101",congressional-district-1-or,"04000US41",Oregon
"41","03",Congressional District 3,C2,"116",G5200,N,2782871083,82267862,+45.3899979,-122.1990897,"Congressional District 3, OR","50000US4103",congressional-district-3-or,"04000US41",Oregon
"41","05",Congressional District 5,C2,"116",G5200,N,13439639550,1207538177,+45.0283647,-123.1951639,"Congressional District 5, OR","50000US4105",congressional-district-5-or,"04000US41",Oregon
"23","01",Congressional District 1,C2,"116",G5200,N,8512096974,4733548431,+43.8460537,-069.9152497,"Congressional District 1, ME","50000US2301",congressional-district-1-me,"04000US23",Maine
"23","02",Congressional District 2,C2,"116",G5200,N,71375329063,7013001333,+45.5100010,-069.0853097,"Congressional District 2, ME","50000US2302",congressional-district-2-me,"04000US23",Maine
"47","07",Congressional District 7,C2,"116",G5200,N,23726991266,415476120,+35.6333893,-087.8333421,"Congressional District 7, TN","50000US4707",congressional-district-7-tn,"04000US47",Tennessee
"47","02",Congressional District 2,C2,"116",G5200,N,6013499673,278544192,+36.0503605,-083.8211884,"Congressional District 2, TN","50000US4702",congressional-district-2-tn,"04000US47",Tennessee
"17","05",Congressional District 5,C2,"116",G5200,N,247592486,1850633.0,+41.9303655,-087.8309020,"Congressional District 5, IL","50000US1705",congressional-district-5-il,"04000US17",Illinois
"17","16",Congressional District 16,C2,"116",G5200,N,20503968767,183129836,+41.3915234,-088.7991966,"Congressional District 16, IL","50000US1716",congressional-district-16-il,"04000US17",Illinois
"17","13",Congressional District 13,C2,"116",G5200,N,15004637044,216308900,+39.5156354,-089.5198424,"Congressional District 13, IL","50000US1713",congressional-district-13-il,"04000US17",Illinois
"17",ZZ,Congressional Districts not defined,"00","116",G5200,F,922.0,4070189931,+41.7736686,-087.5663499,"Congressional Districts not defined, IL","50000US1700",congressional-districts-not-defined-il,"04000US17",Illinois
"06","50",Congressional District 50,C2,"116",G5200,N,7222573192,40261060,+33.1135481,-116.6225898,"Congressional District 50, CA","50000US0650",congressional-district-50-ca,"04000US06",California
"06","23",Congressional District 23,C2,"116",G5200,N,25636803430,99793011,+35.6106838,-118.5390568,"Congressional District 23, CA","50000US0623",congressional-district-23-ca,"04000US06",California
"06","08",Congressional District 8,C2,"116",G5200,N,85132866565,444227838,+35.6625568,-116.8195456,"Congressional District 8, CA","50000US0608",congressional-district-8-ca,"04000US06",California
"17","17",Congressional District 17,C2,"116",G5200,N,17949060604,346793272,+41.3894669,-090.2186532,"Congressional District 17, IL","50000US1717",congressional-district-17-il,"04000US17",Illinois
"17","06",Congressional District 6,C2,"116",G5200,N,980857787,27754091,+42.0671182,-088.4044355,"Congressional District 6, IL","50000US1706",congressional-district-6-il,"04000US17",Illinois
"17","03",Congressional District 3,C2,"116",G5200,N,613376406,13496849,+41.6789774,-087.8919745,"Congressional District 3, IL","50000US1703",congressional-district-3-il,"04000US17",Illinois
"17","10",Congressional District 10,C2,"116",G5200,N,777404163,31605644,+42.2800147,-087.9399419,"Congressional District 10, IL","50000US1710",congressional-district-10-il,"04000US17",Illinois
"17","04",Congressional District 4,C2,"116",G5200,N,135804048,966145.0,+41.8862970,-087.9205610,"Congressional District 4, IL","50000US1704",congressional-district-4-il,"04000US17",Illinois
"13","03",Congressional District 3,C2,"116",G5200,N,9935874355,215086398,+33.1505217,-084.7286640,"Congressional District 3, GA","50000US1303",congressional-district-3-ga,"04000US13",Georgia
"13","10",Congressional District 10,C2,"116",G5200,N,18384949315,459100029,+33.4242062,-083.0623090,"Congressional District 10, GA","50000US1310",congressional-district-10-ga,"04000US13",Georgia
"13","04",Congressional District 4,C2,"116",G5200,N,1287444270,21757037,+33.6976377,-084.0514329,"Congressional District 4, GA","50000US1304",congressional-district-4-ga,"04000US13",Georgia
"13","05",Congressional District 5,C2,"116",G5200,N,686276539,5016095.0,+33.7069846,-084.4011185,"Congressional District 5, GA","50000US1305",congressional-district-5-ga,"04000US13",Georgia
"13","13",Congressional District 13,C2,"116",G5200,N,1849961415,25795622,+33.6291014,-084.5664533,"Congressional District 13, GA","50000US1313",congressional-district-13-ga,"04000US13",Georgia
"13","09",Congressional District 9,C2,"116",G5200,N,13498994850,410740104,+34.5061129,-083.6870501,"Congressional District 9, GA","50000US1309",congressional-district-9-ga,"04000US13",Georgia
"06","51",Congressional District 51,C2,"116",G5200,N,12410851100,869815412,+32.9955751,-115.5255338,"Congressional District 51, CA","50000US0651",congressional-district-51-ca,"04000US06",California
"06","28",Congressional District 28,C2,"116",G5200,N,565796768,2403435.0,+34.2500576,-118.2914520,"Congressional District 28, CA","50000US0628",congressional-district-28-ca,"04000US06",California
"06","01",Congressional District 1,C2,"116",G5200,N,72746795133,1948066307,+40.7319880,-121.5105160,"Congressional District 1, CA","50000US0601",congressional-district-1-ca,"04000US06",California
"13","07",Congressional District 7,C2,"116",G5200,N,1017219867,25241077,+34.0401920,-084.0829587,"Congressional District 7, GA","50000US1307",congressional-district-7-ga,"04000US13",Georgia
"13","02",Congressional District 2,C2,"116",G5200,N,24942492103,438955826,+31.8162371,-084.4190306,"Congressional District 2, GA","50000US1302",congressional-district-2-ga,"04000US13",Georgia
"13","06",Congressional District 6,C2,"116",G5200,N,774251171,13986249,+34.0130516,-084.3456624,"Congressional District 6, GA","50000US1306",congressional-district-6-ga,"04000US13",Georgia
"13","14",Congressional District 14,C2,"116",G5200,N,9383986863,51880746,+34.4305862,-085.0978762,"Congressional District 14, GA","50000US1314",congressional-district-14-ga,"04000US13",Georgia
"21","02",Congressional District 2,C2,"116",G5200,N,18601779924,388832054,+37.5446206,-085.9904901,"Congressional District 2, KY","50000US2102",congressional-district-2-ky,"04000US21",Kentucky
"21","06",Congressional District 6,C2,"116",G5200,N,11129720603,115148400,+38.0534473,-084.1547782,"Congressional District 6, KY","50000US2106",congressional-district-6-ky,"04000US21",Kentucky
"22","01",Congressional District 1,C2,"116",G5200,N,10436304503,14398936017,+29.6364920,-089.9053610,"Congressional District 1, LA","50000US2201",congressional-district-1-la,"04000US22",Louisiana
"22","03",Congressional District 3,C2,"116",G5200,N,18087979520,5594833099,+29.9270215,-092.4364185,"Congressional District 3, LA","50000US2203",congressional-district-3-la,"04000US22",Louisiana
"22","05",Congressional District 5,C2,"116",G5200,N,37429870551,1118524221,+31.7664463,-091.8235236,"Congressional District 5, LA","50000US2205",congressional-district-5-la,"04000US22",Louisiana
"18","03",Congressional District 3,C2,"116",G5200,N,10826780348,135299678,+41.0967951,-085.2362774,"Congressional District 3, IN","50000US1803",congressional-district-3-in,"04000US18",Indiana
"18","05",Congressional District 5,C2,"116",G5200,N,4985326169,40864910,+40.2486316,-085.8695988,"Congressional District 5, IN","50000US1805",congressional-district-5-in,"04000US18",Indiana
"18","04",Congressional District 4,C2,"116",G5200,N,16450662934,70295098,+40.3810879,-086.8594124,"Congressional District 4, IN","50000US1804",congressional-district-4-in,"04000US18",Indiana
"18","07",Congressional District 7,C2,"116",G5200,N,787296961,4586270.0,+39.7468732,-086.1390065,"Congressional District 7, IN","50000US1807",congressional-district-7-in,"04000US18",Indiana
"13","01",Congressional District 1,C2,"116",G5200,N,21047628166,2075874473,+31.3174384,-081.9425449,"Congressional District 1, GA","50000US1301",congressional-district-1-ga,"04000US13",Georgia
"17","11",Congressional District 11,C2,"116",G5200,N,725929838,16218367,+41.6422523,-088.1474167,"Congressional District 11, IL","50000US1711",congressional-district-11-il,"04000US17",Illinois
"17","09",Congressional District 9,C2,"116",G5200,N,272986457,1558240.0,+42.0526844,-087.8101853,"Congressional District 9, IL","50000US1709",congressional-district-9-il,"04000US17",Illinois
"17","15",Congressional District 15,C2,"116",G5200,N,38062630857,353131952,+38.9051694,-088.4420793,"Congressional District 15, IL","50000US1715",congressional-district-15-il,"04000US17",Illinois
"47","08",Congressional District 8,C2,"116",G5200,N,17738523374,387103686,+35.8508609,-089.1018305,"Congressional District 8, TN","50000US4708",congressional-district-8-tn,"04000US47",Tennessee
"06","40",Congressional District 40,C2,"116",G5200,N,149408223,1743216.0,+33.9698668,-118.1792067,"Congressional District 40, CA","50000US0640",congressional-district-40-ca,"04000US06",California
"06","12",Congressional District 12,C2,"116",G5200,N,100885569,211661576,+37.7855141,-122.4340005,"Congressional District 12, CA","50000US0612",congressional-district-12-ca,"04000US06",California
"06","45",Congressional District 45,C2,"116",G5200,N,856078764,5161857.0,+33.7142584,-117.6683553,"Congressional District 45, CA","50000US0645",congressional-district-45-ca,"04000US06",California
"19","03",Congressional District 3,C2,"116",G5200,N,22761240612,156751435,+41.2095427,-094.6403809,"Congressional District 3, IA","50000US1903",congressional-district-3-ia,"04000US19",Iowa
"13","11",Congressional District 11,C2,"116",G5200,N,2773103176,70586962,+34.1804322,-084.6514936,"Congressional District 11, GA","50000US1311",congressional-district-11-ga,"04000US13",Georgia
"13","12",Congressional District 12,C2,"116",G5200,N,21267218363,310156061,+32.4133308,-082.2238419,"Congressional District 12, GA","50000US1312",congressional-district-12-ga,"04000US13",Georgia
"13","08",Congressional District 8,C2,"116",G5200,N,22632647889,298759475,+31.7798073,-083.4515115,"Congressional District 8, GA","50000US1308",congressional-district-8-ga,"04000US13",Georgia
"06","04",Congressional District 4,C2,"116",G5200,N,33247135324,858297386,+37.9824523,-119.9279734,"Congressional District 4, CA","50000US0604",congressional-district-4-ca,"04000US06",California
"06","22",Congressional District 22,C2,"116",G5200,N,3017359454,10371897,+36.4768778,-119.3895422,"Congressional District 22, CA","50000US0622",congressional-district-22-ca,"04000US06",California
"06","09",Congressional District 9,C2,"116",G5200,N,3239709844,140669213,+38.0104060,-121.3065618,"Congressional District 9, CA","50000US0609",congressional-district-9-ca,"04000US06",California
"47","09",Congressional District 9,C2,"116",G5200,N,1252797745,53745455,+35.1676342,-089.9788605,"Congressional District 9, TN","50000US4709",congressional-district-9-tn,"04000US47",Tennessee
"47","06",Congressional District 6,C2,"116",G5200,N,16770155959,324676580,+36.1947713,-085.7784340,"Congressional District 6, TN","50000US4706",congressional-district-6-tn,"04000US47",Tennessee
"16","01",Congressional District 1,C2,"116",G5200,N,102098265032,1310417824,+45.2967502,-116.0358424,"Congressional District 1, ID","50000US1601",congressional-district-1-id,"04000US16",Idaho
"16","02",Congressional District 2,C2,"116",G5200,N,111951522627,1081304733,+43.4439256,-113.3642618,"Congressional District 2, ID","50000US1602",congressional-district-2-id,"04000US16",Idaho
"06","41",Congressional District 41,C2,"116",G5200,N,820299648,4159166.0,+33.9180748,-117.2974203,"Congressional District 41, CA","50000US0641",congressional-district-41-ca,"04000US06",California
"06","27",Congressional District 27,C2,"116",G5200,N,1812584403,7549848.0,+34.2650833,-117.9348875,"Congressional District 27, CA","50000US0627",congressional-district-27-ca,"04000US06",California
"06","17",Congressional District 17,C2,"116",G5200,N,480149991,21997291,+37.4410278,-121.9665776,"Congressional District 17, CA","50000US0617",congressional-district-17-ca,"04000US06",California
"06","14",Congressional District 14,C2,"116",G5200,N,672683232,827165077,+37.5748023,-122.4936563,"Congressional District 14, CA","50000US0614",congressional-district-14-ca,"04000US06",California
"41","04",Congressional District 4,C2,"116",G5200,N,44737320075,2227417158,+43.4720025,-123.2731321,"Congressional District 4, OR","50000US4104",congressional-district-4-or,"04000US41",Oregon
"41","02",Congressional District 2,C2,"116",G5200,N,179860346814,1904150525,+43.8374944,-119.5968497,"Congressional District 2, OR","50000US4102",congressional-district-2-or,"04000US41",Oregon
"21","01",Congressional District 1,C2,"116",G5200,N,31296234250,1221417588,+37.0846029,-087.1849382,"Congressional District 1, KY","50000US2101",congressional-district-1-ky,"04000US21",Kentucky
"21","03",Congressional District 3,C2,"116",G5200,N,827821298,40946491,+38.1894013,-085.6974571,"Congressional District 3, KY","50000US2103",congressional-district-3-ky,"04000US21",Kentucky
"21","05",Congressional District 5,C2,"116",G5200,N,29096016239,312392707,+37.3688281,-083.5218984,"Congressional District 5, KY","50000US2105",congressional-district-5-ky,"04000US21",Kentucky
"21","04",Congressional District 4,C2,"116",G5200,N,11327918358,296600515,+38.5689729,-084.4370062,"Congressional District 4, KY","50000US2104",congressional-district-4-ky,"04000US21",Kentucky
"17","12",Congressional District 12,C2,"116",G5200,N,12972082875,462200658,+37.9933075,-089.4278909,"Congressional District 12, IL","50000US1712",congressional-district-12-il,"04000US17",Illinois
"17","08",Congressional District 8,C2,"116",G5200,N,532623690,10394846,+42.0096620,-088.0966499,"Congressional District 8, IL","50000US1708",congressional-district-8-il,"04000US17",Illinois
"06","02",Congressional District 2,C2,"116",G5200,N,33546725691,4122024588,+40.0940587,-123.4649741,"Congressional District 2, CA","50000US0602",congressional-district-2-ca,"04000US06",California
"06","38",Congressional District 38,C2,"116",G5200,N,262655737,3823181.0,+33.9394788,-118.0626041,"Congressional District 38, CA","50000US0638",congressional-district-38-ca,"04000US06",California
"01","01",Congressional District 1,C2,"116",G5200,N,15713197908,2275675091,+31.0020519,-087.7879717,"Congressional District 1, AL","50000US0101",congressional-district-1-al,"04000US01",Alabama
"01","03",Congressional District 3,C2,"116",G5200,N,19537640555,471223121,+33.1505639,-085.7002277,"Congressional District 3, AL","50000US0103",congressional-district-3-al,"04000US01",Alabama
"01","05",Congressional District 5,C2,"116",G5200,N,9525492193,459955499,+34.7552973,-086.7118036,"Congressional District 5, AL","50000US0105",congressional-district-5-al,"04000US01",Alabama
"01","04",Congressional District 4,C2,"116",G5200,N,23022590138,573214646,+34.1181796,-087.2138079,"Congressional District 4, AL","50000US0104",congressional-district-4-al,"04000US01",Alabama
"01","07",Congressional District 7,C2,"116",G5200,N,26301828529,332882012,+32.4492349,-087.6405014,"Congressional District 7, AL","50000US0107",congressional-district-7-al,"04000US01",Alabama
"01","02",Congressional District 2,C2,"116",G5200,N,26269902298,303582941,+31.7020846,-086.0768417,"Congressional District 2, AL","50000US0102",congressional-district-2-al,"04000US01",Alabama
"01","06",Congressional District 6,C2,"116",G5200,N,10803396962,176793844,+33.2602125,-086.7134302,"Congressional District 6, AL","50000US0106",congressional-district-6-al,"04000US01",Alabama
"12","13",Congressional District 13,C2,"116",G5200,N,470709134,640204070,+27.8259163,-082.7264422,"Congressional District 13, FL","50000US1213",congressional-district-13-fl,"04000US12",Florida
"12","26",Congressional District 26,C2,"116",G5200,N,5659121044,7734843990,+25.1707427,-081.0952687,"Congressional District 26, FL","50000US1226",congressional-district-26-fl,"04000US12",Florida
"12","22",Congressional District 22,C2,"116",G5200,N,424130319,254083069,+26.2721076,-080.1252119,"Congressional District 22, FL","50000US1222",congressional-district-22-fl,"04000US12",Florida
"12","09",Congressional District 9,C2,"116",G5200,N,5987286333,798928316,+28.0353419,-081.2906169,"Congressional District 9, FL","50000US1209",congressional-district-9-fl,"04000US12",Florida
"12","19",Congressional District 19,C2,"116",G5200,N,1937060134,1603487946,+26.4316252,-081.9067678,"Congressional District 19, FL","50000US1219",congressional-district-19-fl,"04000US12",Florida
"29","01",Congressional District 1,C2,"116",G5200,N,582542737,28225242,+38.7283860,-090.2962282,"Congressional District 1, MO","50000US2901",congressional-district-1-mo,"04000US29",Missouri
"29","03",Congressional District 3,C2,"116",G5200,N,17745526082,368043248,+38.5781714,-091.5631850,"Congressional District 3, MO","50000US2903",congressional-district-3-mo,"04000US29",Missouri
"29","05",Congressional District 5,C2,"116",G5200,N,6281461429,89873789,+39.1414460,-093.7839363,"Congressional District 5, MO","50000US2905",congressional-district-5-mo,"04000US29",Missouri
"29","04",Congressional District 4,C2,"116",G5200,N,37312032695,744247785,+38.2824253,-093.3189947,"Congressional District 4, MO","50000US2904",congressional-district-4-mo,"04000US29",Missouri
"29","07",Congressional District 7,C2,"116",G5200,N,16246587078,248542030,+36.9910613,-093.7063517,"Congressional District 7, MO","50000US2907",congressional-district-7-mo,"04000US29",Missouri
"29","02",Congressional District 2,C2,"116",G5200,N,1206284592,37571451,+38.6029696,-090.5323369,"Congressional District 2, MO","50000US2902",congressional-district-2-mo,"04000US29",Missouri
"29","06",Congressional District 6,C2,"116",G5200,N,47132969024,528128323,+39.9480143,-093.2935421,"Congressional District 6, MO","50000US2906",congressional-district-6-mo,"04000US29",Missouri
"29","08",Congressional District 8,C2,"116",G5200,N,51543398547,444793592,+37.1941281,-090.9345152,"Congressional District 8, MO","50000US2908",congressional-district-8-mo,"04000US29",Missouri
"28","01",Congressional District 1,C2,"116",G5200,N,27384113095,408680692,+34.1975177,-089.0035117,"Congressional District 1, MS","50000US2801",congressional-district-1-ms,"04000US28",Mississippi
"28","03",Congressional District 3,C2,"116",G5200,N,33034077391,341749292,+32.0149304,-089.7405887,"Congressional District 3, MS","50000US2803",congressional-district-3-ms,"04000US28",Mississippi
"28","04",Congressional District 4,C2,"116",G5200,N,20834173560,2218315431,+30.9941864,-089.0903341,"Congressional District 4, MS","50000US2804",congressional-district-4-ms,"04000US28",Mississippi
"28","02",Congressional District 2,C2,"116",G5200,N,40281155435,958174343,+33.1782150,-090.3514005,"Congressional District 2, MS","50000US2802",congressional-district-2-ms,"04000US28",Mississippi
"34","01",Congressional District 1,C2,"116",G5200,N,907100845,51162830,+39.7919748,-075.0559210,"Congressional District 1, NJ","50000US3401",congressional-district-1-nj,"04000US34",New Jersey
"34","03",Congressional District 3,C2,"116",G5200,N,2326832991,618205570,+39.8989740,-074.4763431,"Congressional District 3, NJ","50000US3403",congressional-district-3-nj,"04000US34",New Jersey
"34","10",Congressional District 10,C2,"116",G5200,N,196397289,12474852,+40.7089641,-074.2090452,"Congressional District 10, NJ","50000US3410",congressional-district-10-nj,"04000US34",New Jersey
"34","04",Congressional District 4,C2,"116",G5200,N,1789674324,49701555,+40.1650024,-074.3169967,"Congressional District 4, NJ","50000US3404",congressional-district-4-nj,"04000US34",New Jersey
"34","05",Congressional District 5,C2,"116",G5200,N,2568439490,83673745,+40.9738214,-075.1342110,"Congressional District 5, NJ","50000US3405",congressional-district-5-nj,"04000US34",New Jersey
"34","07",Congressional District 7,C2,"116",G5200,N,2512156343,47085986,+40.6317476,-074.7895041,"Congressional District 7, NJ","50000US3407",congressional-district-7-nj,"04000US34",New Jersey
"34","02",Congressional District 2,C2,"116",G5200,N,5423847467,2034703850,+39.3932996,-074.9072568,"Congressional District 2, NJ","50000US3402",congressional-district-2-nj,"04000US34",New Jersey
"34","09",Congressional District 9,C2,"116",G5200,N,246870811,19480622,+40.8607823,-074.0738236,"Congressional District 9, NJ","50000US3409",congressional-district-9-nj,"04000US34",New Jersey
"34","11",Congressional District 11,C2,"116",G5200,N,1310058632,67984687,+40.9020187,-074.4505390,"Congressional District 11, NJ","50000US3411",congressional-district-11-nj,"04000US34",New Jersey
"34","06",Congressional District 6,C2,"116",G5200,N,557571516,503799396,+40.3465672,-074.2150836,"Congressional District 6, NJ","50000US3406",congressional-district-6-nj,"04000US34",New Jersey
"34","12",Congressional District 12,C2,"116",G5200,N,1067381022,18504392,+40.3742188,-074.5740550,"Congressional District 12, NJ","50000US3412",congressional-district-12-nj,"04000US34",New Jersey
"32","01",Congressional District 1,C2,"116",G5200,N,270624142,16683.0,+36.1335429,-115.1515423,"Congressional District 1, NV","50000US3201",congressional-district-1-nv,"04000US32",Nevada
"32","03",Congressional District 3,C2,"116",G5200,N,7378700260,102791046,+35.6631939,-115.1539667,"Congressional District 3, NV","50000US3203",congressional-district-3-nv,"04000US32",Nevada
"32","04",Congressional District 4,C2,"116",G5200,N,132082704554,628524268,+38.0856467,-116.0264961,"Congressional District 4, NV","50000US3204",congressional-district-4-nv,"04000US32",Nevada
"32","02",Congressional District 2,C2,"116",G5200,N,144597477514,1315874075,+40.6511506,-117.3296838,"Congressional District 2, NV","50000US3202",congressional-district-2-nv,"04000US32",Nevada
"45","01",Congressional District 1,C2,"116",G5200,N,4013544852,2196569453,+32.7140628,-080.1606245,"Congressional District 1, SC","50000US4501",congressional-district-1-sc,"04000US45",South Carolina
"45","03",Congressional District 3,C2,"116",G5200,N,13646022171,518916989,+34.3577435,-082.3312067,"Congressional District 3, SC","50000US4503",congressional-district-3-sc,"04000US45",South Carolina
"45","04",Congressional District 4,C2,"116",G5200,N,3364459766,44729109,+34.9417009,-082.1701563,"Congressional District 4, SC","50000US4504",congressional-district-4-sc,"04000US45",South Carolina
"45","05",Congressional District 5,C2,"116",G5200,N,14260689226,265732852,+34.5302283,-081.0109378,"Congressional District 5, SC","50000US4505",congressional-district-5-sc,"04000US45",South Carolina
"45","07",Congressional District 7,C2,"116",G5200,N,13869575083,958926941,+34.0834783,-079.4988485,"Congressional District 7, SC","50000US4507",congressional-district-7-sc,"04000US45",South Carolina
"45","02",Congressional District 2,C2,"116",G5200,N,7827497984,225271436,+33.6330620,-081.3792888,"Congressional District 2, SC","50000US4502",congressional-district-2-sc,"04000US45",South Carolina
"45","06",Congressional District 6,C2,"116",G5200,N,20883129406,865071998,+33.2082080,-080.5239865,"Congressional District 6, SC","50000US4506",congressional-district-6-sc,"04000US45",South Carolina
"53","01",Congressional District 1,C2,"116",G5200,N,16019836313,1097951634,+48.3674893,-121.6579122,"Congressional District 1, WA","50000US5301",congressional-district-1-wa,"04000US53",Washington
"53","03",Congressional District 3,C2,"116",G5200,N,23611085055,1219984100,+46.2709146,-122.2622503,"Congressional District 3, WA","50000US5303",congressional-district-3-wa,"04000US53",Washington
"38","00",Congressional District (at Large),C1,"116",G5200,N,178707534813,4403267548,+47.4421740,-100.4608258,"Congressional District (at Large), ND","50000US3800",congressional-district-(at-large)-nd,"04000US38",North Dakota
"56","00",Congressional District (at Large),C1,"116",G5200,N,251458544898,1867670745,+42.9896591,-107.5443922,"Congressional District (at Large), WY","50000US5600",congressional-district-(at-large)-wy,"04000US56",Wyoming
"69","98",Delegate District (at Large),C4,"116",G5200,N,472292529,4644252461,+14.9300771,+145.6425305,"Delegate District (at Large), MP","50000US6998",delegate-district-(at-large)-mp,"04000US69",Commonwealth of the Northern Mariana Islands
"39","01",Congressional District 1,C2,"116",G5200,N,1779110527,26793491,+39.3360198,-084.3468497,"Congressional District 1, OH","50000US3901",congressional-district-1-oh,"04000US39",Ohio
"39","07",Congressional District 7,C2,"116",G5200,N,10009974812,64567382,+40.7432753,-082.4670010,"Congressional District 7, OH","50000US3907",congressional-district-7-oh,"04000US39",Ohio
"39","02",Congressional District 2,C2,"116",G5200,N,8344038308,77170483,+39.0188676,-083.5519463,"Congressional District 2, OH","50000US3902",congressional-district-2-oh,"04000US39",Ohio
"39","14",Congressional District 14,C2,"116",G5200,N,5064219099,3730283485,+41.7511641,-081.0194752,"Congressional District 14, OH","50000US3914",congressional-district-14-oh,"04000US39",Ohio
"39","06",Congressional District 6,C2,"116",G5200,N,18685702709,202816758,+39.7714087,-081.5750390,"Congressional District 6, OH","50000US3906",congressional-district-6-oh,"04000US39",Ohio
"39","03",Congressional District 3,C2,"116",G5200,N,590732885,11274048,+39.9662072,-082.9474950,"Congressional District 3, OH","50000US3903",congressional-district-3-oh,"04000US39",Ohio
"39","10",Congressional District 10,C2,"116",G5200,N,2925748848,15947647,+39.7013631,-083.9586972,"Congressional District 10, OH","50000US3910",congressional-district-10-oh,"04000US39",Ohio
"39","04",Congressional District 4,C2,"116",G5200,N,12083214953,121559316,+40.5169844,-084.5754759,"Congressional District 4, OH","50000US3904",congressional-district-4-oh,"04000US39",Ohio
"39","05",Congressional District 5,C2,"116",G5200,N,14571716547,73249833,+41.1557510,-084.0447886,"Congressional District 5, OH","50000US3905",congressional-district-5-oh,"04000US39",Ohio
"39","16",Congressional District 16,C2,"116",G5200,N,3121894599,31141190,+40.9821546,-081.7406039,"Congressional District 16, OH","50000US3916",congressional-district-16-oh,"04000US39",Ohio
"39","13",Congressional District 13,C2,"116",G5200,N,2315287784,70792303,+41.1496303,-080.9786969,"Congressional District 13, OH","50000US3913",congressional-district-13-oh,"04000US39",Ohio
"39","15",Congressional District 15,C2,"116",G5200,N,12273402700,99789977,+39.5778602,-082.7562053,"Congressional District 15, OH","50000US3915",congressional-district-15-oh,"04000US39",Ohio
"39","11",Congressional District 11,C2,"116",G5200,N,633380874,1310812208,+41.6137949,-081.5277187,"Congressional District 11, OH","50000US3911",congressional-district-11-oh,"04000US39",Ohio
"39","09",Congressional District 9,C2,"116",G5200,N,1202130654,4313138940,+41.4032532,-082.5481185,"Congressional District 9, OH","50000US3909",congressional-district-9-oh,"04000US39",Ohio
"39","08",Congressional District 8,C2,"116",G5200,N,6344114806,42726671,+39.8995752,-084.1608314,"Congressional District 8, OH","50000US3908",congressional-district-8-oh,"04000US39",Ohio
"39","12",Congressional District 12,C2,"116",G5200,N,5884212463,76786970,+40.2393230,-082.6136769,"Congressional District 12, OH","50000US3912",congressional-district-12-oh,"04000US39",Ohio
"51","01",Congressional District 1,C2,"116",G5200,N,10908524934,1767438169,+37.8807201,-076.9762880,"Congressional District 1, VA","50000US5101",congressional-district-1-va,"04000US51",Virginia
"51","03",Congressional District 3,C2,"116",G5200,N,1619438767,406420212,+36.9137548,-076.5694796,"Congressional District 3, VA","50000US5103",congressional-district-3-va,"04000US51",Virginia
"51","10",Congressional District 10,C2,"116",G5200,N,3552021685,37324155,+39.0761620,-077.8559583,"Congressional District 10, VA","50000US5110",congressional-district-10-va,"04000US51",Virginia
"51","05",Congressional District 5,C2,"116",G5200,N,25979630120,391890253,+37.3323415,-078.7235580,"Congressional District 5, VA","50000US5105",congressional-district-5-va,"04000US51",Virginia
"51","04",Congressional District 4,C2,"116",G5200,N,9433257835,296483280,+36.9617490,-077.1577179,"Congressional District 4, VA","50000US5104",congressional-district-4-va,"04000US51",Virginia
"51","07",Congressional District 7,C2,"116",G5200,N,8075545799,144698517,+37.8201840,-077.9024081,"Congressional District 7, VA","50000US5107",congressional-district-7-va,"04000US51",Virginia
"51","02",Congressional District 2,C2,"116",G5200,N,2858624572,5175504914,+37.3937297,-075.9356016,"Congressional District 2, VA","50000US5102",congressional-district-2-va,"04000US51",Virginia
"51","11",Congressional District 11,C2,"116",G5200,N,479342358,21326058,+38.7890600,-077.2946223,"Congressional District 11, VA","50000US5111",congressional-district-11-va,"04000US51",Virginia
"51","09",Congressional District 9,C2,"116",G5200,N,23608647264,153447195,+37.0008631,-081.3249946,"Congressional District 9, VA","50000US5109",congressional-district-9-va,"04000US51",Virginia
"15","01",Congressional District 1,C2,"116",G5200,N,541359418,456759507,+21.3226396,-157.9059542,"Congressional District 1, HI","50000US1501",congressional-district-1-hi,"04000US15",Hawaii
"15","02",Congressional District 2,C2,"116",G5200,N,16092630777,11321049519,+19.6941634,-156.0443440,"Congressional District 2, HI","50000US1502",congressional-district-2-hi,"04000US15",Hawaii
"26","01",Congressional District 1,C2,"116",G5200,N,64824717641,75782056342,+46.1573045,-086.4369120,"Congressional District 1, MI","50000US2601",congressional-district-1-mi,"04000US26",Michigan
"26","07",Congressional District 7,C2,"116",G5200,N,10950537365,526028591,+42.0936084,-084.3049549,"Congressional District 7, MI","50000US2607",congressional-district-7-mi,"04000US26",Michigan
"26","02",Congressional District 2,C2,"116",G5200,N,8644760241,7325050525,+43.3975406,-086.3188626,"Congressional District 2, MI","50000US2602",congressional-district-2-mi,"04000US26",Michigan
"26","06",Congressional District 6,C2,"116",G5200,N,9188279377,4065852264,+42.1640521,-086.1560519,"Congressional District 6, MI","50000US2606",congressional-district-6-mi,"04000US26",Michigan
"26","14",Congressional District 14,C2,"116",G5200,N,480339355,97940449,+42.5612521,-083.4387250,"Congressional District 14, MI","50000US2614",congressional-district-14-mi,"04000US26",Michigan
"26","03",Congressional District 3,C2,"116",G5200,N,6811523115,176750939,+42.7200275,-085.2372759,"Congressional District 3, MI","50000US2603",congressional-district-3-mi,"04000US26",Michigan
"26","10",Congressional District 10,C2,"116",G5200,N,10732439902,5435442796,+43.4559041,-082.8824074,"Congressional District 10, MI","50000US2610",congressional-district-10-mi,"04000US26",Michigan
"26","05",Congressional District 5,C2,"116",G5200,N,6083376419,4835570030,+43.5744457,-084.1628756,"Congressional District 5, MI","50000US2605",congressional-district-5-mi,"04000US26",Michigan
"26","04",Congressional District 4,C2,"116",G5200,N,21907203534,520053991,+43.7315525,-084.7503993,"Congressional District 4, MI","50000US2604",congressional-district-4-mi,"04000US26",Michigan
"26","13",Congressional District 13,C2,"116",G5200,N,478918323,5374636.0,+42.3513749,-083.4300532,"Congressional District 13, MI","50000US2613",congressional-district-13-mi,"04000US26",Michigan
"26",ZZ,Congressional Districts not defined,"00","116",G5200,F,0.0,4875244623,+42.4984990,-082.8719620,"Congressional Districts not defined, MI","50000US2600",congressional-districts-not-defined-mi,"04000US26",Michigan
"26","11",Congressional District 11,C2,"116",G5200,N,1085687168,55726229,+42.5300018,-083.4539962,"Congressional District 11, MI","50000US2611",congressional-district-11-mi,"04000US26",Michigan
"26","09",Congressional District 9,C2,"116",G5200,N,475771461,13240065,+42.5296604,-083.0547224,"Congressional District 9, MI","50000US2609",congressional-district-9-mi,"04000US26",Michigan
"26","12",Congressional District 12,C2,"116",G5200,N,1044264730,71968024,+42.2053809,-083.4470432,"Congressional District 12, MI","50000US2612",congressional-district-12-mi,"04000US26",Michigan
"26","08",Congressional District 8,C2,"116",G5200,N,3893134359,99556198,+42.6477730,-083.9453541,"Congressional District 8, MI","50000US2608",congressional-district-8-mi,"04000US26",Michigan
"51","06",Congressional District 6,C2,"116",G5200,N,15355775696,104993717,+38.1365430,-079.1992544,"Congressional District 6, VA","50000US5106",congressional-district-6-va,"04000US51",Virginia
"51","08",Congressional District 8,C2,"116",G5200,N,386908080,29005304,+38.7713248,-077.1467415,"Congressional District 8, VA","50000US5108",congressional-district-8-va,"04000US51",Virginia
"53","10",Congressional District 10,C2,"116",G5200,N,2141821386,234826813,+47.0417220,-122.7558152,"Congressional District 10, WA","50000US5310",congressional-district-10-wa,"04000US53",Washington
"53","05",Congressional District 5,C2,"116",G5200,N,40076148862,598822284,+47.5732049,-117.8675495,"Congressional District 5, WA","50000US5305",congressional-district-5-wa,"04000US53",Washington
"53","04",Congressional District 4,C2,"116",G5200,N,49848046468,808206849,+47.2946268,-119.7071777,"Congressional District 4, WA","50000US5304",congressional-district-4-wa,"04000US53",Washington
"53","07",Congressional District 7,C2,"116",G5200,N,372955017,339685089,+47.5784260,-122.3913575,"Congressional District 7, WA","50000US5307",congressional-district-7-wa,"04000US53",Washington
"53","02",Congressional District 2,C2,"116",G5200,N,2630312801,2683559157,+48.3753949,-122.5976996,"Congressional District 2, WA","50000US5302",congressional-district-2-wa,"04000US53",Washington
"53","09",Congressional District 9,C2,"116",G5200,N,475212865,104450286,+47.4587305,-122.2584711,"Congressional District 9, WA","50000US5309",congressional-district-9-wa,"04000US53",Washington
"53","06",Congressional District 6,C2,"116",G5200,N,17876191025,5101382519,+47.6388582,-123.5509405,"Congressional District 6, WA","50000US5306",congressional-district-6-wa,"04000US53",Washington
"53","08",Congressional District 8,C2,"116",G5200,N,19060978428,370410119,+47.3623847,-121.0393849,"Congressional District 8, WA","50000US5308",congressional-district-8-wa,"04000US53",Washington
"34","08",Congressional District 8,C2,"116",G5200,N,141495250,38082761,+40.7239266,-074.1064956,"Congressional District 8, NJ","50000US3408",congressional-district-8-nj,"04000US34",New Jersey
"08","01",Congressional District 1,C2,"116",G5200,N,491646356,7076638.0,+39.7322859,-104.9087582,"Congressional District 1, CO","50000US0801",congressional-district-1-co,"04000US08",Colorado
"08","03",Congressional District 3,C2,"116",G5200,N,128801225235,388259104,+38.7432544,-107.3448493,"Congressional District 3, CO","50000US0803",congressional-district-3-co,"04000US08",Colorado
"08","05",Congressional District 5,C2,"116",G5200,N,18818297446,61234902,+38.8154076,-105.3441513,"Congressional District 5, CO","50000US0805",congressional-district-5-co,"04000US08",Colorado
"08","04",Congressional District 4,C2,"116",G5200,N,98683854464,438848484,+39.0706831,-103.4138530,"Congressional District 4, CO","50000US0804",congressional-district-4-co,"04000US08",Colorado
"08","07",Congressional District 7,C2,"116",G5200,N,876592983,27439545,+39.8266706,-105.0408542,"Congressional District 7, CO","50000US0807",congressional-district-7-co,"04000US08",Colorado
"08","02",Congressional District 2,C2,"116",G5200,N,19523675148,236595196,+40.1370840,-105.7090836,"Congressional District 2, CO","50000US0802",congressional-district-2-co,"04000US08",Colorado
"08","06",Congressional District 6,C2,"116",G5200,N,1227600079,22167724,+39.7550881,-104.7653511,"Congressional District 6, CO","50000US0806",congressional-district-6-co,"04000US08",Colorado
"24","01",Congressional District 1,C2,"116",G5200,N,10301014704,4035802868,+38.7684710,-075.9588863,"Congressional District 1, MD","50000US2401",congressional-district-1-md,"04000US24",Maryland
"24","03",Congressional District 3,C2,"116",G5200,N,788544340,252344417,+39.1571515,-076.6766922,"Congressional District 3, MD","50000US2403",congressional-district-3-md,"04000US24",Maryland
"24","04",Congressional District 4,C2,"116",G5200,N,771403497,48178407,+38.7560928,-077.0260243,"Congressional District 4, MD","50000US2404",congressional-district-4-md,"04000US24",Maryland
"24","05",Congressional District 5,C2,"116",G5200,N,3840096355,2066469028,+38.4718173,-076.7120357,"Congressional District 5, MD","50000US2405",congressional-district-5-md,"04000US24",Maryland
"24","07",Congressional District 7,C2,"116",G5200,N,1264524922,14715020,+39.3407655,-077.1858835,"Congressional District 7, MD","50000US2407",congressional-district-7-md,"04000US24",Maryland
"24","02",Congressional District 2,C2,"116",G5200,N,902965456,440369386,+39.3395186,-076.4287016,"Congressional District 2, MD","50000US2402",congressional-district-2-md,"04000US24",Maryland
"24","06",Congressional District 6,C2,"116",G5200,N,5056294339,98039271,+39.2881272,-079.4820308,"Congressional District 6, MD","50000US2406",congressional-district-6-md,"04000US24",Maryland
"24","08",Congressional District 8,C2,"116",G5200,N,2226256667,24048561,+39.4222951,-077.2420033,"Congressional District 8, MD","50000US2408",congressional-district-8-md,"04000US24",Maryland
"11","98",Delegate District (at Large),C4,"116",G5200,N,158340391,18687198,+38.9041031,-077.0172290,"Delegate District (at Large), DC","50000US1198",delegate-district-(at-large)-dc,"04000US11",District of Columbia
"50","00",Congressional District (at Large),C1,"116",G5200,N,23874175944,1030416650,+44.0685773,-072.6691839,"Congressional District (at Large), VT","50000US5000",congressional-district-(at-large)-vt,"04000US50",Vermont
"20","01",Congressional District 1,C2,"116",G5200,N,136084023517,594345222,+38.7315950,-099.4080367,"Congressional District 1, KS","50000US2001",congressional-district-1-ks,"04000US20",Kansas
"20","03",Congressional District 3,C2,"116",G5200,N,1961857340,32787799,+38.8950035,-094.7906431,"Congressional District 3, KS","50000US2003",congressional-district-3-ks,"04000US20",Kansas
"20","04",Congressional District 4,C2,"116",G5200,N,37076058697,189253640,+37.5544654,-097.7439831,"Congressional District 4, KS","50000US2004",congressional-district-4-ks,"04000US20",Kansas
"20","02",Congressional District 2,C2,"116",G5200,N,36633404506,527754544,+38.4822777,-095.4246400,"Congressional District 2, KS","50000US2002",congressional-district-2-ks,"04000US20",Kansas
"46","00",Congressional District (at Large),C1,"116",G5200,N,196346981786,3382720225,+44.4467957,-100.2381762,"Congressional District (at Large), SD","50000US4600",congressional-district-(at-large)-sd,"04000US46",South Dakota
"66","98",Delegate District (at Large),C4,"116",G5200,N,543555840,934337453,+13.4382886,+144.7729493,"Delegate District (at Large), GU","50000US6698",delegate-district-(at-large)-gu,"04000US66",Guam
"25","01",Congressional District 1,C2,"116",G5200,N,6086782031,129713573,+42.3310441,-072.8641784,"Congressional District 1, MA","50000US2501",congressional-district-1-ma,"04000US25",Massachusetts
"25","03",Congressional District 3,C2,"116",G5200,N,1962308222,76095039,+42.5895154,-071.5728279,"Congressional District 3, MA","50000US2503",congressional-district-3-ma,"04000US25",Massachusetts
"25","05",Congressional District 5,C2,"116",G5200,N,686653254,58468410,+42.3553663,-071.2984404,"Congressional District 5, MA","50000US2505",congressional-district-5-ma,"04000US25",Massachusetts
"25","04",Congressional District 4,C2,"116",G5200,N,1730813070,86329577,+41.9972149,-071.2275358,"Congressional District 4, MA","50000US2504",congressional-district-4-ma,"04000US25",Massachusetts
"25","07",Congressional District 7,C2,"116",G5200,N,162433345,97438634,+42.3166876,-071.0094420,"Congressional District 7, MA","50000US2507",congressional-district-7-ma,"04000US25",Massachusetts
"25","02",Congressional District 2,C2,"116",G5200,N,4216400306,221866012,+42.3850416,-072.1186908,"Congressional District 2, MA","50000US2502",congressional-district-2-ma,"04000US25",Massachusetts
"25","09",Congressional District 9,C2,"116",G5200,N,3149856983,5148464984,+41.6903601,-070.4943141,"Congressional District 9, MA","50000US2509",congressional-district-9-ma,"04000US25",Massachusetts
"25","06",Congressional District 6,C2,"116",G5200,N,1364422330,864189658,+42.6171124,-070.8853911,"Congressional District 6, MA","50000US2506",congressional-district-6-ma,"04000US25",Massachusetts
"25","08",Congressional District 8,C2,"116",G5200,N,845455823,447359599,+42.1947343,-070.9440053,"Congressional District 8, MA","50000US2508",congressional-district-8-ma,"04000US25",Massachusetts
"54","01",Congressional District 1,C2,"116",G5200,N,16254914688,175294958,+39.3819864,-080.2684973,"Congressional District 1, WV","50000US5401",congressional-district-1-wv,"04000US54",West Virginia
"54","03",Congressional District 3,C2,"116",G5200,N,25241698809,191079291,+37.9911687,-081.2182730,"Congressional District 3, WV","50000US5403",congressional-district-3-wv,"04000US54",West Virginia
"54","02",Congressional District 2,C2,"116",G5200,N,20769861016,122654294,+38.8387542,-080.1737613,"Congressional District 2, WV","50000US5402",congressional-district-2-wv,"04000US54",West Virginia
"78","98",Delegate District (at Large),C4,"116",G5200,N,348021896,1550236201,+18.2758499,-064.8903849,"Delegate District (at Large), VI","50000US7898",delegate-district-(at-large)-vi,"04000US78",United States Virgin Islands
"02","00",Congressional District (at Large),C1,"116",G5200,N,1478839695958,245481577452,+63.3473560,-152.8397334,"Congressional District (at Large), AK","50000US0200",congressional-district-(at-large)-ak,"04000US02",Alaska
"72","98",Resident Commissioner District (at Large),C3,"116",G5200,N,8868896030,4922382562,+18.2176480,-066.4107992,"Resident Commissioner District (at Large), PR","50000US7298",resident-commissioner-district-(at-large)-pr,"04000US72",Puerto Rico
"55","01",Congressional District 1,C2,"116",G5200,N,4475448921,2523692436,+42.6952385,-088.0463495,"Congressional District 1, WI","50000US5501",congressional-district-1-wi,"04000US55",Wisconsin
"55","03",Congressional District 3,C2,"116",G5200,N,28791180399,815152730,+44.0562970,-090.8917476,"Congressional District 3, WI","50000US5503",congressional-district-3-wi,"04000US55",Wisconsin
"55","04",Congressional District 4,C2,"116",G5200,N,332617267,2454549243,+42.9048585,-087.8423940,"Congressional District 4, WI","50000US5504",congressional-district-4-wi,"04000US55",Wisconsin
"55","05",Congressional District 5,C2,"116",G5200,N,4897640233,165505624,+43.1995976,-088.5315279,"Congressional District 5, WI","50000US5505",congressional-district-5-wi,"04000US55",Wisconsin
"55","07",Congressional District 7,C2,"116",G5200,N,59672185021,7700520546,+45.6989971,-090.6553345,"Congressional District 7, WI","50000US5507",congressional-district-7-wi,"04000US55",Wisconsin
"55","02",Congressional District 2,C2,"116",G5200,N,11750536110,189001494,+42.9842952,-089.7508660,"Congressional District 2, WI","50000US5502",congressional-district-2-wi,"04000US55",Wisconsin
"55","06",Congressional District 6,C2,"116",G5200,N,12740758652,7315844396,+43.7792439,-088.2744226,"Congressional District 6, WI","50000US5506",congressional-district-6-wi,"04000US55",Wisconsin
"55","08",Congressional District 8,C2,"116",G5200,N,17629673120,8180685289,+44.8312557,-087.9368111,"Congressional District 8, WI","50000US5508",congressional-district-8-wi,"04000US55",Wisconsin
"37","01",Congressional District 1,C2,"116",G5200,N,15206281725,526676361,+36.1462572,-077.5228846,"Congressional District 1, NC","50000US3701",congressional-district-1-nc,"04000US37",North Carolina
"37","07",Congressional District 7,C2,"116",G5200,N,15397320259,1127451539,+34.6426108,-078.2110747,"Congressional District 7, NC","50000US3707",congressional-district-7-nc,"04000US37",North Carolina
"37","02",Congressional District 2,C2,"116",G5200,N,6988623688,95720327,+35.7612489,-078.4067725,"Congressional District 2, NC","50000US3702",congressional-district-2-nc,"04000US37",North Carolina
"37","06",Congressional District 6,C2,"116",G5200,N,10128826240,209232379,+36.0145377,-079.4722399,"Congressional District 6, NC","50000US3706",congressional-district-6-nc,"04000US37",North Carolina
"37","03",Congressional District 3,C2,"116",G5200,N,18692480370,10738328614,+35.4469667,-076.6052861,"Congressional District 3, NC","50000US3703",congressional-district-3-nc,"04000US37",North Carolina
"37","10",Congressional District 10,C2,"116",G5200,N,6708434281,107723252,+35.4391869,-081.6293598,"Congressional District 10, NC","50000US3710",congressional-district-10-nc,"04000US37",North Carolina
"37","04",Congressional District 4,C2,"116",G5200,N,1896794144,18220198,+35.9111759,-079.2661257,"Congressional District 4, NC","50000US3704",congressional-district-4-nc,"04000US37",North Carolina
"37","05",Congressional District 5,C2,"116",G5200,N,10279829942,80959022,+36.2653335,-080.9797738,"Congressional District 5, NC","50000US3705",congressional-district-5-nc,"04000US37",North Carolina
"37","13",Congressional District 13,C2,"116",G5200,N,4744852425,105491253,+35.8477068,-080.4509290,"Congressional District 13, NC","50000US3713",congressional-district-13-nc,"04000US37",North Carolina
"37","11",Congressional District 11,C2,"116",G5200,N,17106622133,190956833,+35.5214138,-082.8102435,"Congressional District 11, NC","50000US3711",congressional-district-11-nc,"04000US37",North Carolina
"37","09",Congressional District 9,C2,"116",G5200,N,10035418040,85881092,+34.8530785,-079.5357000,"Congressional District 9, NC","50000US3709",congressional-district-9-nc,"04000US37",North Carolina
"37","08",Congressional District 8,C2,"116",G5200,N,7650443230,123254406,+35.2956105,-079.7801656,"Congressional District 8, NC","50000US3708",congressional-district-8-nc,"04000US37",North Carolina
"37","12",Congressional District 12,C2,"116",G5200,N,1087729587,56176119,+35.2737407,-080.8560069,"Congressional District 12, NC","50000US3712",congressional-district-12-nc,"04000US37",North Carolina
"33","01",Congressional District 1,C2,"116",G5200,N,6384522070,625111184,+43.4647305,-071.2001774,"Congressional District 1, NH","50000US3301",congressional-district-1-nh,"04000US33",New Hampshire
"33","02",Congressional District 2,C2,"116",G5200,N,16804891096,401564064,+43.7641775,-071.7213985,"Congressional District 2, NH","50000US3302",congressional-district-2-nh,"04000US33",New Hampshire
"60","98",Delegate District (at Large),C4,"116",G5200,N,197759063,1307243754,-14.2671590,-170.6682674,"Delegate District (at Large), AS","50000US6098",delegate-district-(at-large)-as,"04000US60",American Samoa
"40","01",Congressional District 1,C2,"116",G5200,N,4226245201,143292945,+36.2117411,-095.7895823,"Congressional District 1, OK","50000US4001",congressional-district-1-ok,"04000US40",Oklahoma
"40","03",Congressional District 3,C2,"116",G5200,N,88361609694,814268800,+36.1070688,-098.8397654,"Congressional District 3, OK","50000US4003",congressional-district-3-ok,"04000US40",Oklahoma
"40","05",Congressional District 5,C2,"116",G5200,N,5371379647,59057302,+35.3078792,-096.9896037,"Congressional District 5, OK","50000US4005",congressional-district-5-ok,"04000US40",Oklahoma
"40","04",Congressional District 4,C2,"116",G5200,N,25322931466,408016815,+34.5865916,-097.7501307,"Congressional District 4, OK","50000US4004",congressional-district-4-ok,"04000US40",Oklahoma
"40","02",Congressional District 2,C2,"116",G5200,N,54380759715,1949952135,+35.1433031,-095.4417722,"Congressional District 2, OK","50000US4002",congressional-district-2-ok,"04000US40",Oklahoma
"10","00",Congressional District (at Large),C1,"116",G5200,N,5045925646,1399985648,+38.9985661,-075.4416440,"Congressional District (at Large), DE","50000US1000",congressional-district-(at-large)-de,"04000US10",Delaware
"42","01",Congressional District 1,C2,"116",G5200,N,1653701106,45137458,+40.3320537,-075.1134194,"Congressional District 1, PA","50000US4201",congressional-district-1-pa,"04000US42",Pennsylvania
"42","18",Congressional District 18,C2,"116",G5200,N,757702393,19898044,+40.3711995,-079.8989312,"Congressional District 18, PA","50000US4218",congressional-district-18-pa,"04000US42",Pennsylvania
"42","07",Congressional District 7,C2,"116",G5200,N,2218699034,30474030,+40.7258060,-075.4268756,"Congressional District 7, PA","50000US4207",congressional-district-7-pa,"04000US42",Pennsylvania
"42","02",Congressional District 2,C2,"116",G5200,N,162453180,8537703.0,+40.0464237,-075.0596773,"Congressional District 2, PA","50000US4202",congressional-district-2-pa,"04000US42",Pennsylvania
"42","17",Congressional District 17,C2,"116",G5200,N,2286845543,41571090,+40.6087613,-080.1871263,"Congressional District 17, PA","50000US4217",congressional-district-17-pa,"04000US42",Pennsylvania
"42","14",Congressional District 14,C2,"116",G5200,N,7375851296,52399122,+40.0761735,-079.9247819,"Congressional District 14, PA","50000US4214",congressional-district-14-pa,"04000US42",Pennsylvania
"42","06",Congressional District 6,C2,"116",G5200,N,2364178671,27871337,+40.0240029,-075.7762972,"Congressional District 6, PA","50000US4206",congressional-district-6-pa,"04000US42",Pennsylvania
"42","03",Congressional District 3,C2,"116",G5200,N,136667590,4710201.0,+40.0043086,-075.1988949,"Congressional District 3, PA","50000US4203",congressional-district-3-pa,"04000US42",Pennsylvania
"42","10",Congressional District 10,C2,"116",G5200,N,2797655453,100518003,+40.2624086,-076.8578762,"Congressional District 10, PA","50000US4210",congressional-district-10-pa,"04000US42",Pennsylvania
"42","04",Congressional District 4,C2,"116",G5200,N,1235183943,11540873,+40.2208000,-075.3931649,"Congressional District 4, PA","50000US4204",congressional-district-4-pa,"04000US42",Pennsylvania
"42","05",Congressional District 5,C2,"116",G5200,N,548506604,26310378,+39.9205219,-075.3752409,"Congressional District 5, PA","50000US4205",congressional-district-5-pa,"04000US42",Pennsylvania
"42","16",Congressional District 16,C2,"116",G5200,N,8576674591,2083865765,+41.6326383,-080.1365680,"Congressional District 16, PA","50000US4216",congressional-district-16-pa,"04000US42",Pennsylvania
"42","13",Congressional District 13,C2,"116",G5200,N,15591714852,92403236,+40.1031549,-078.2624436,"Congressional District 13, PA","50000US4213",congressional-district-13-pa,"04000US42",Pennsylvania
"42","11",Congressional District 11,C2,"116",G5200,N,3892576264,113349199,+39.9707441,-076.3980211,"Congressional District 11, PA","50000US4211",congressional-district-11-pa,"04000US42",Pennsylvania
"42","09",Congressional District 9,C2,"116",G5200,N,8533246423,92317194,+40.7786730,-076.1602212,"Congressional District 9, PA","50000US4209",congressional-district-9-pa,"04000US42",Pennsylvania
"42","15",Congressional District 15,C2,"116",G5200,N,25214872952,223499582,+41.2108534,-078.9103277,"Congressional District 15, PA","50000US4215",congressional-district-15-pa,"04000US42",Pennsylvania
"42","12",Congressional District 12,C2,"116",G5200,N,25629897859,242921113,+41.3438824,-077.0552624,"Congressional District 12, PA","50000US4212",congressional-district-12-pa,"04000US42",Pennsylvania
"42","08",Congressional District 8,C2,"116",G5200,N,6908014567,177265662,+41.3644747,-075.4046788,"Congressional District 8, PA","50000US4208",congressional-district-8-pa,"04000US42",Pennsylvania
"12","01",Congressional District 1,C2,"116",G5200,N,10405816127,1919384110,+30.6628014,-086.6624661,"Congressional District 1, FL","50000US1201",congressional-district-1-fl,"04000US12",Florida
"12","07",Congressional District 7,C2,"116",G5200,N,1017471375,110917454,+28.6870369,-081.2447228,"Congressional District 7, FL","50000US1207",congressional-district-7-fl,"04000US12",Florida
"12","27",Congressional District 27,C2,"116",G5200,N,293302729,597416563,+25.6912633,-080.2501523,"Congressional District 27, FL","50000US1227",congressional-district-27-fl,"04000US12",Florida
"12","17",Congressional District 17,C2,"116",G5200,N,14437145834,1918872575,+27.2327392,-081.5515394,"Congressional District 17, FL","50000US1217",congressional-district-17-fl,"04000US12",Florida
"12","06",Congressional District 6,C2,"116",G5200,N,5627035258,1318862943,+29.1930377,-081.2796011,"Congressional District 6, FL","50000US1206",congressional-district-6-fl,"04000US12",Florida
"12","14",Congressional District 14,C2,"116",G5200,N,714675118,233953834,+28.0135308,-082.4864379,"Congressional District 14, FL","50000US1214",congressional-district-14-fl,"04000US12",Florida
"12","05",Congressional District 5,C2,"116",G5200,N,9888522481,239830493,+30.4481169,-083.3244290,"Congressional District 5, FL","50000US1205",congressional-district-5-fl,"04000US12",Florida
"12","24",Congressional District 24,C2,"116",G5200,N,265305017,33054938,+25.9084664,-080.2109109,"Congressional District 24, FL","50000US1224",congressional-district-24-fl,"04000US12",Florida
"12","16",Congressional District 16,C2,"116",G5200,N,3354277529,954285435,+27.5331029,-082.3581552,"Congressional District 16, FL","50000US1216",congressional-district-16-fl,"04000US12",Florida
"12","11",Congressional District 11,C2,"116",G5200,N,6235891832,1243668220,+28.7869395,-082.2169160,"Congressional District 11, FL","50000US1211",congressional-district-11-fl,"04000US12",Florida
"12","15",Congressional District 15,C2,"116",G5200,N,2816452665,214478863,+28.1969733,-081.9804493,"Congressional District 15, FL","50000US1215",congressional-district-15-fl,"04000US12",Florida
"12","23",Congressional District 23,C2,"116",G5200,N,484534996,184761814,+26.0421375,-080.2409280,"Congressional District 23, FL","50000US1223",congressional-district-23-fl,"04000US12",Florida
"12","08",Congressional District 8,C2,"116",G5200,N,4536447256,1710622089,+28.1646486,-080.6989059,"Congressional District 8, FL","50000US1208",congressional-district-8-fl,"04000US12",Florida
"12","12",Congressional District 12,C2,"116",G5200,N,2223103422,545757465,+28.2687095,-082.4918091,"Congressional District 12, FL","50000US1212",congressional-district-12-fl,"04000US12",Florida
"12","18",Congressional District 18,C2,"116",G5200,N,3913573650,979668133,+27.1375365,-080.3816414,"Congressional District 18, FL","50000US1218",congressional-district-18-fl,"04000US12",Florida
"12","02",Congressional District 2,C2,"116",G5200,N,28500909452,4835768335,+30.0752566,-084.1792869,"Congressional District 2, FL","50000US1202",congressional-district-2-fl,"04000US12",Florida
"12","20",Congressional District 20,C2,"116",G5200,N,5592437702,639142009,+26.4461298,-080.5869868,"Congressional District 20, FL","50000US1220",congressional-district-20-fl,"04000US12",Florida
"12","25",Congressional District 25,C2,"116",G5200,N,9071589763,452925118,+26.2042840,-081.2029593,"Congressional District 25, FL","50000US1225",congressional-district-25-fl,"04000US12",Florida
"12","21",Congressional District 21,C2,"116",G5200,N,663696308,250336902,+26.5626305,-080.1262451,"Congressional District 21, FL","50000US1221",congressional-district-21-fl,"04000US12",Florida
"12","03",Congressional District 3,C2,"116",G5200,N,9232593580,722972427,+29.6808028,-082.0478601,"Congressional District 3, FL","50000US1203",congressional-district-3-fl,"04000US12",Florida
"12","10",Congressional District 10,C2,"116",G5200,N,1130063436,206005788,+28.5438290,-081.5128650,"Congressional District 10, FL","50000US1210",congressional-district-10-fl,"04000US12",Florida
"12","04",Congressional District 4,C2,"116",G5200,N,4065983756,1016868324,+30.6764384,-082.0505705,"Congressional District 4, FL","50000US1204",congressional-district-4-fl,"04000US12",Florida
"04","01",Congressional District 1,C2,"116",G5200,N,142545945366,354110880,+34.9710133,-110.7259249,"Congressional District 1, AZ","50000US0401",congressional-district-1-az,"04000US04",Arizona
"04","03",Congressional District 3,C2,"116",G5200,N,40632657178,8409911.0,+32.4223184,-112.4013007,"Congressional District 3, AZ","50000US0403",congressional-district-3-az,"04000US04",Arizona
"04","05",Congressional District 5,C2,"116",G5200,N,760073450,2338559.0,+33.3396944,-111.7124237,"Congressional District 5, AZ","50000US0405",congressional-district-5-az,"04000US04",Arizona
"04","04",Congressional District 4,C2,"116",G5200,N,85987711649,504383238,+34.5909175,-113.2045275,"Congressional District 4, AZ","50000US0404",congressional-district-4-az,"04000US04",Arizona
"04","07",Congressional District 7,C2,"116",G5200,N,530107625,1651788.0,+33.4278190,-112.1187677,"Congressional District 7, AZ","50000US0407",congressional-district-7-az,"04000US04",Arizona
"04","02",Congressional District 2,C2,"116",G5200,N,20298527958,138375379,+31.9166176,-109.9387277,"Congressional District 2, AZ","50000US0402",congressional-district-2-az,"04000US04",Arizona
"04","09",Congressional District 9,C2,"116",G5200,N,426737344,2969348.0,+33.4060068,-111.9499956,"Congressional District 9, AZ","50000US0409",congressional-district-9-az,"04000US04",Arizona
"04","06",Congressional District 6,C2,"116",G5200,N,1618660740,11030711,+33.6656628,-111.8884711,"Congressional District 6, AZ","50000US0406",congressional-district-6-az,"04000US04",Arizona
"04","08",Congressional District 8,C2,"116",G5200,N,1398129833,4067789.0,+33.6955714,-112.2995758,"Congressional District 8, AZ","50000US0408",congressional-district-8-az,"04000US04",Arizona
"48","28",Congressional District 28,C2,"116",G5200,N,24291214134,299391564,+27.8486342,-098.9136118,"Congressional District 28, TX","50000US4828",congressional-district-28-tx,"04000US48",Texas
"48","01",Congressional District 1,C2,"116",G5200,N,20380430454,950996579,+31.9516781,-094.5520460,"Congressional District 1, TX","50000US4801",congressional-district-1-tx,"04000US48",Texas
"48","29",Congressional District 29,C2,"116",G5200,N,484560611,10286993,+29.9491007,-095.4170408,"Congressional District 29, TX","50000US4829",congressional-district-29-tx,"04000US48",Texas
"48","07",Congressional District 7,C2,"116",G5200,N,419784487,3069802.0,+29.8792303,-095.7786226,"Congressional District 7, TX","50000US4807",congressional-district-7-tx,"04000US48",Texas
"48","27",Congressional District 27,C2,"116",G5200,N,23622386853,4536985434,+28.7829945,-096.8414071,"Congressional District 27, TX","50000US4827",congressional-district-27-tx,"04000US48",Texas
"48","06",Congressional District 6,C2,"116",G5200,N,5564805243,255530191,+32.2350539,-096.6658786,"Congressional District 6, TX","50000US4806",congressional-district-6-tx,"04000US48",Texas
"48","17",Congressional District 17,C2,"116",G5200,N,19815272799,309171233,+31.1536017,-096.6657676,"Congressional District 17, TX","50000US4817",congressional-district-17-tx,"04000US48",Texas
"48","14",Congressional District 14,C2,"116",G5200,N,6336699151,2539468440,+29.4337172,-094.8926947,"Congressional District 14, TX","50000US4814",congressional-district-14-tx,"04000US48",Texas
"48","36",Congressional District 36,C2,"116",G5200,N,18455700461,1242515897,+30.4291930,-094.4314897,"Congressional District 36, TX","50000US4836",congressional-district-36-tx,"04000US48",Texas
"48","05",Congressional District 5,C2,"116",G5200,N,13064694054,493918427,+32.2257951,-095.7316676,"Congressional District 5, TX","50000US4805",congressional-district-5-tx,"04000US48",Texas
"48","16",Congressional District 16,C2,"116",G5200,N,1841077520,3699541.0,+31.9147345,-106.3088128,"Congressional District 16, TX","50000US4816",congressional-district-16-tx,"04000US48",Texas
"48","24",Congressional District 24,C2,"116",G5200,N,680368890,23325673,+32.9194727,-097.0127238,"Congressional District 24, TX","50000US4824",congressional-district-24-tx,"04000US48",Texas
"48","33",Congressional District 33,C2,"116",G5200,N,549099381,16592268,+32.7564438,-097.1069479,"Congressional District 33, TX","50000US4833",congressional-district-33-tx,"04000US48",Texas
"48","11",Congressional District 11,C2,"116",G5200,N,72090912439,567658850,+31.7323018,-100.0636870,"Congressional District 11, TX","50000US4811",congressional-district-11-tx,"04000US48",Texas
"48","15",Congressional District 15,C2,"116",G5200,N,20212430203,154866294,+27.7500112,-098.2634106,"Congressional District 15, TX","50000US4815",congressional-district-15-tx,"04000US48",Texas
"48","23",Congressional District 23,C2,"116",G5200,N,150370590066,448808223,+30.3892100,-102.3267561,"Congressional District 23, TX","50000US4823",congressional-district-23-tx,"04000US48",Texas
"48","12",Congressional District 12,C2,"116",G5200,N,3731825354,86780622,+32.8213284,-097.6645150,"Congressional District 12, TX","50000US4812",congressional-district-12-tx,"04000US48",Texas
"48","08",Congressional District 8,C2,"116",G5200,N,15682590427,410338546,+30.8332407,-095.5436034,"Congressional District 8, TX","50000US4808",congressional-district-8-tx,"04000US48",Texas
"48","34",Congressional District 34,C2,"116",G5200,N,21214050940,3364171422,+28.6690372,-097.9260082,"Congressional District 34, TX","50000US4834",congressional-district-34-tx,"04000US48",Texas
"48","30",Congressional District 30,C2,"116",G5200,N,922898557,32939871,+32.6586215,-096.7990089,"Congressional District 30, TX","50000US4830",congressional-district-30-tx,"04000US48",Texas
"48","18",Congressional District 18,C2,"116",G5200,N,609407297,4386002.0,+29.8646025,-095.5636383,"Congressional District 18, TX","50000US4818",congressional-district-18-tx,"04000US48",Texas
"48","02",Congressional District 2,C2,"116",G5200,N,799680486,54815759,+29.8484945,-095.6459326,"Congressional District 2, TX","50000US4802",congressional-district-2-tx,"04000US48",Texas
"48","20",Congressional District 20,C2,"116",G5200,N,517653119,1036519.0,+29.4743174,-098.6224612,"Congressional District 20, TX","50000US4820",congressional-district-20-tx,"04000US48",Texas
"48","31",Congressional District 31,C2,"116",G5200,N,5580509592,136094581,+30.8288177,-097.5354116,"Congressional District 31, TX","50000US4831",congressional-district-31-tx,"04000US48",Texas
"48","25",Congressional District 25,C2,"116",G5200,N,19742092988,316353052,+31.5007907,-097.8159131,"Congressional District 25, TX","50000US4825",congressional-district-25-tx,"04000US48",Texas
"48","32",Congressional District 32,C2,"116",G5200,N,481897778,34271738,+32.9203834,-096.6536360,"Congressional District 32, TX","50000US4832",congressional-district-32-tx,"04000US48",Texas
"48","21",Congressional District 21,C2,"116",G5200,N,15335237810,91754552,+30.0578898,-098.9753677,"Congressional District 21, TX","50000US4821",congressional-district-21-tx,"04000US48",Texas
"48","03",Congressional District 3,C2,"116",G5200,N,1245329624,98074589,+33.1592134,-096.6126952,"Congressional District 3, TX","50000US4803",congressional-district-3-tx,"04000US48",Texas
"48","10",Congressional District 10,C2,"116",G5200,N,13136357289,185202535,+29.9766245,-096.5921553,"Congressional District 10, TX","50000US4810",congressional-district-10-tx,"04000US48",Texas
"48","04",Congressional District 4,C2,"116",G5200,N,26238357408,1009693997,+33.2982880,-095.4180633,"Congressional District 4, TX","50000US4804",congressional-district-4-tx,"04000US48",Texas
"48","35",Congressional District 35,C2,"116",G5200,N,1538273012,19151538,+29.9155235,-097.8840940,"Congressional District 35, TX","50000US4835",congressional-district-35-tx,"04000US48",Texas
"48","13",Congressional District 13,C2,"116",G5200,N,99326765882,764765962,+34.8376887,-100.5978721,"Congressional District 13, TX","50000US4813",congressional-district-13-tx,"04000US48",Texas
"48","26",Congressional District 26,C2,"116",G5200,N,2349987793,191353567,+33.1846148,-097.1341729,"Congressional District 26, TX","50000US4826",congressional-district-26-tx,"04000US48",Texas
"48","22",Congressional District 22,C2,"116",G5200,N,2676649152,61159619,+29.5107373,-095.6774110,"Congressional District 22, TX","50000US4822",congressional-district-22-tx,"04000US48",Texas
"48","09",Congressional District 9,C2,"116",G5200,N,429173856,5290341.0,+29.6454702,-095.4942070,"Congressional District 9, TX","50000US4809",congressional-district-9-tx,"04000US48",Texas
"48","19",Congressional District 19,C2,"116",G5200,N,66914406427,282385039,+33.2452902,-101.2097385,"Congressional District 19, TX","50000US4819",congressional-district-19-tx,"04000US48",Texas
"44","01",Congressional District 1,C2,"116",G5200,N,695578890,628693637,+41.6306771,-071.3286718,"Congressional District 1, RI","50000US4401",congressional-district-1-ri,"04000US44",Rhode Island
"44","02",Congressional District 2,C2,"116",G5200,N,1982201012,694976850,+41.5696012,-071.6155143,"Congressional District 2, RI","50000US4402",congressional-district-2-ri,"04000US44",Rhode Island
"35","01",Congressional District 1,C2,"116",G5200,N,11916434922,16504856,+34.7717346,-106.0514021,"Congressional District 1, NM","50000US3501",congressional-district-1-nm,"04000US35",New Mexico
"35","03",Congressional District 3,C2,"116",G5200,N,116458781783,303683653,+36.0098523,-105.8318570,"Congressional District 3, NM","50000US3503",congressional-district-3-nm,"04000US35",New Mexico
"35","02",Congressional District 2,C2,"116",G5200,N,185821089696,408588014,+33.3852613,-106.2994424,"Congressional District 2, NM","50000US3502",congressional-district-2-nm,"04000US35",New Mexico
"49","01",Congressional District 1,C2,"116",G5200,N,50652446765,3222107014,+40.9604767,-111.3327276,"Congressional District 1, UT","50000US4901",congressional-district-1-ut,"04000US49",Utah
"49","03",Congressional District 3,C2,"116",G5200,N,51990614064,458725091,+38.6967640,-110.2164022,"Congressional District 3, UT","50000US4903",congressional-district-3-ut,"04000US49",Utah
"49","04",Congressional District 4,C2,"116",G5200,N,6603647100,373990713,+39.8793168,-111.8444529,"Congressional District 4, UT","50000US4904",congressional-district-4-ut,"04000US49",Utah
"49","02",Congressional District 2,C2,"116",G5200,N,103639513751,2944001576,+38.7449472,-112.5531266,"Congressional District 2, UT","50000US4902",congressional-district-2-ut,"04000US49",Utah
"09","01",Congressional District 1,C2,"116",G5200,N,1749309368,51291912,+41.7901515,-073.2011801,"Congressional District 1, CT","50000US0901",congressional-district-1-ct,"04000US09",Connecticut
"09","03",Congressional District 3,C2,"116",G5200,N,1218074496,68693984,+41.3856882,-072.8773022,"Congressional District 3, CT","50000US0903",congressional-district-3-ct,"04000US09",Connecticut
"09","04",Congressional District 4,C2,"116",G5200,N,1193636603,214325604,+41.1968011,-073.3885143,"Congressional District 4, CT","50000US0904",congressional-district-4-ct,"04000US09",Connecticut
"09","05",Congressional District 5,C2,"116",G5200,N,3232106401,88053659,+41.6943231,-073.2099985,"Congressional District 5, CT","50000US0905",congressional-district-5-ct,"04000US09",Connecticut
"09","02",Congressional District 2,C2,"116",G5200,N,5149370200,297591677,+41.6536870,-072.2065086,"Congressional District 2, CT","50000US0902",congressional-district-2-ct,"04000US09",Connecticut
"09",ZZ,Congressional Districts not defined,"00","116",G5200,F,0.0,1095660735,+41.1666065,-072.8424645,"Congressional Districts not defined, CT","50000US0900",congressional-districts-not-defined-ct,"04000US09",Connecticut
"30","00",Congressional District (at Large),C1,"116",G5200,N,376962738765,3869208832,+47.0511771,-109.6348174,"Congressional District (at Large), MT","50000US3000",congressional-district-(at-large)-mt,"04000US30",Montana
"36","01",Congressional District 1,C2,"116",G5200,N,1684100500,3359339217,+40.9838720,-072.5495150,"Congressional District 1, NY","50000US3601",congressional-district-1-ny,"04000US36",New York
"36","07",Congressional District 7,C2,"116",G5200,N,41801517,2679582.0,+40.6441825,-074.0259596,"Congressional District 7, NY","50000US3607",congressional-district-7-ny,"04000US36",New York
"36","27",Congressional District 27,C2,"116",G5200,N,10289754856,3223422579,+43.0008504,-078.3168825,"Congressional District 27, NY","50000US3627",congressional-district-27-ny,"04000US36",New York
"36","17",Congressional District 17,C2,"116",G5200,N,990764875,149861991,+41.1595319,-073.9193555,"Congressional District 17, NY","50000US3617",congressional-district-17-ny,"04000US36",New York
"36","14",Congressional District 14,C2,"116",G5200,N,73747625,39239213,+40.8097822,-073.8370035,"Congressional District 14, NY","50000US3614",congressional-district-14-ny,"04000US36",New York
"36","06",Congressional District 6,C2,"116",G5200,N,77166993,711425.0,+40.7348618,-073.8234555,"Congressional District 6, NY","50000US3606",congressional-district-6-ny,"04000US36",New York
"36","05",Congressional District 5,C2,"116",G5200,N,134550083,184506173,+40.5965625,-073.8272118,"Congressional District 5, NY","50000US3605",congressional-district-5-ny,"04000US36",New York
"36","24",Congressional District 24,C2,"116",G5200,N,6186361793,3271968550,+43.2103194,-076.6480936,"Congressional District 24, NY","50000US3624",congressional-district-24-ny,"04000US36",New York
"36","16",Congressional District 16,C2,"116",G5200,N,202964844,76413628,+40.9397352,-073.7910880,"Congressional District 16, NY","50000US3616",congressional-district-16-ny,"04000US36",New York
"36","11",Congressional District 11,C2,"116",G5200,N,168159647,128599122,+40.5669743,-074.1263136,"Congressional District 11, NY","50000US3611",congressional-district-11-ny,"04000US36",New York
"36","15",Congressional District 15,C2,"116",G5200,N,37598152,6263939.0,+40.8240306,-073.8911626,"Congressional District 15, NY","50000US3615",congressional-district-15-ny,"04000US36",New York
"36","23",Congressional District 23,C2,"116",G5200,N,19092721663,1602345774,+42.3442440,-077.8458079,"Congressional District 23, NY","50000US3623",congressional-district-23-ny,"04000US36",New York
"36","08",Congressional District 8,C2,"116",G5200,N,73598441,48115635,+40.6214380,-073.9110774,"Congressional District 8, NY","50000US3608",congressional-district-8-ny,"04000US36",New York
"36","12",Congressional District 12,C2,"116",G5200,N,38311782,7282924.0,+40.7510262,-073.9504201,"Congressional District 12, NY","50000US3612",congressional-district-12-ny,"04000US36",New York
"36","18",Congressional District 18,C2,"116",G5200,N,3507230759,160314432,+41.4116573,-074.0809815,"Congressional District 18, NY","50000US3618",congressional-district-18-ny,"04000US36",New York
"36","02",Congressional District 2,C2,"116",G5200,N,470068839,375364727,+40.6853270,-073.2884424,"Congressional District 2, NY","50000US3602",congressional-district-2-ny,"04000US36",New York
"36","20",Congressional District 20,C2,"116",G5200,N,3189390408,81932864,+42.7488819,-073.9883663,"Congressional District 20, NY","50000US3620",congressional-district-20-ny,"04000US36",New York
"36","25",Congressional District 25,C2,"116",G5200,N,1321096008,1831993802,+43.3233952,-077.7154890,"Congressional District 25, NY","50000US3625",congressional-district-25-ny,"04000US36",New York
"36","03",Congressional District 3,C2,"116",G5200,N,660259920,301922153,+40.8604959,-073.5053788,"Congressional District 3, NY","50000US3603",congressional-district-3-ny,"04000US36",New York
"36","21",Congressional District 21,C2,"116",G5200,N,39144919489,3341979801,+44.0083839,-074.6092313,"Congressional District 21, NY","50000US3621",congressional-district-21-ny,"04000US36",New York
"36","10",Congressional District 10,C2,"116",G5200,N,36381172,23227075,+40.7032066,-074.0063421,"Congressional District 10, NY","50000US3610",congressional-district-10-ny,"04000US36",New York
"36","04",Congressional District 4,C2,"116",G5200,N,286752056,168713321,+40.6369483,-073.6059099,"Congressional District 4, NY","50000US3604",congressional-district-4-ny,"04000US36",New York
"36","13",Congressional District 13,C2,"116",G5200,N,26316818,7203018.0,+40.8388622,-073.9329821,"Congressional District 13, NY","50000US3613",congressional-district-13-ny,"04000US36",New York
"36","26",Congressional District 26,C2,"116",G5200,N,567624846,35592405,+42.9618255,-078.8409831,"Congressional District 26, NY","50000US3626",congressional-district-26-ny,"04000US36",New York
"36","22",Congressional District 22,C2,"116",G5200,N,13150495474,386868974,+42.8706939,-075.6626641,"Congressional District 22, NY","50000US3622",congressional-district-22-ny,"04000US36",New York
"36","09",Congressional District 9,C2,"116",G5200,N,40269800,499820.0,+40.6421839,-073.9472006,"Congressional District 9, NY","50000US3609",congressional-district-9-ny,"04000US36",New York
"36","19",Congressional District 19,C2,"116",G5200,N,20556741403,430632551,+42.2278105,-074.4256329,"Congressional District 19, NY","50000US3619",congressional-district-19-ny,"04000US36",New York
